Exp.,Value 1,Value 2,Value 3
Gln*,123,132,133
Gln* + Gln,5,7,10
Gln* + Asn,20,18,10
Gln* + Ser,134,154,133
Gln* + Thr,132,132,112
Gln* + Arg,121,123,124
Gln* + His,16,11,19
Gln* + Lys,123,134,136
Gln* + Asp,123,130,133
Gln* + Glu,140,135,133
Gln* + Ala,13,15,17
Gln* + Val,123,133,145
Gln* + Ile,116,123,123
Gln* + Leu,123,121,132
Gln* + Met,15,14,12
Gln* + Phe,122,132,123
Gln* + Tyr,111,122,121
Gln* + Trp,123,130,133
Gln* + Cys,3,8,12
Gln* + Gly,10,12,15
Gln* + Pro,132,125,115